"game","parameters","complexity","nblocks","nDataReads","nDataWrites","ninsts","nmethod"
"FifteenPuzzle","shuffles=10#size=10","1238","9494","0","0","207512","234"
"FifteenPuzzle","shuffles=10#size=11","1431","11239","0","0","247576","234"
"FifteenPuzzle","shuffles=10#size=12","1644","13154","0","0","291474","234"
"FifteenPuzzle","shuffles=10#size=13","1875","15239","0","0","339206","234"
"FifteenPuzzle","shuffles=10#size=14","2124","17494","0","0","390772","234"
"FifteenPuzzle","shuffles=10#size=15","2392","19919","0","0","446172","234"
"FifteenPuzzle","shuffles=10#size=16","2678","22514","0","0","505406","234"
"FifteenPuzzle","shuffles=10#size=17","2983","25279","0","0","568474","234"
"FifteenPuzzle","shuffles=10#size=18","3307","28214","0","0","635376","234"
"FifteenPuzzle","shuffles=10#size=19","3649","31319","0","0","706112","234"
"FifteenPuzzle","shuffles=10#size=20","4010","34594","0","0","780682","234"
"FifteenPuzzle","shuffles=11#size=7","1009","6318","0","0","140783","328"
"FifteenPuzzle","shuffles=50#size=10","165550","877506","0","0","26246305","38614"
"FifteenPuzzle","shuffles=50#size=11","91005","505856","0","0","15111142","17923"
"FifteenPuzzle","shuffles=50#size=12","40732","239290","0","0","7024156","6761"
"FifteenPuzzle","shuffles=50#size=13","46519","281333","0","0","8220757","6761"
"FifteenPuzzle","shuffles=50#size=14","52779","327082","0","0","9514968","6761"
"FifteenPuzzle","shuffles=50#size=5","2175242486","13105655197","0","0","388857785261","294598540"
"FifteenPuzzle","shuffles=50#size=6","1150749","5213697","0","0","133847245","503420"
"FifteenPuzzle","shuffles=50#size=7","338654891","1652995898","0","0","44324432821","124287378"
"FifteenPuzzle","shuffles=50#size=8","28200878","141211560","0","0","3986448922","8921102"
"FifteenPuzzle","shuffles=50#size=9","268972","1393775","0","0","40548532","72866"
"FifteenPuzzle","shuffles=51#size=10","165566","877577","0","0","26247291","38625"
"FifteenPuzzle","shuffles=51#size=11","91104","506426","0","0","15128616","17937"
"FifteenPuzzle","shuffles=51#size=12","40847","239980","0","0","7044912","6775"
"FifteenPuzzle","shuffles=51#size=13","46651","282153","0","0","8245078","6775"
"FifteenPuzzle","shuffles=51#size=14","52929","328044","0","0","9543148","6775"
"FifteenPuzzle","shuffles=51#size=5","4976369","21267828","0","0","497390256","2570826"
"FifteenPuzzle","shuffles=51#size=6","1160069","5255425","0","0","134922274","507541"
"FifteenPuzzle","shuffles=51#size=7","338707249","1653250719","0","0","44331331233","124306373"
"FifteenPuzzle","shuffles=51#size=8","22640564","113381715","0","0","3201654504","7156311"
"FifteenPuzzle","shuffles=51#size=9","268988","1393848","0","0","40549529","72877"
"FifteenPuzzle","shuffles=52#size=10","210896","1116696","0","0","33437035","49184"
"FifteenPuzzle","shuffles=52#size=11","721671","4004832","0","0","119226517","145052"
"FifteenPuzzle","shuffles=52#size=12","41650","242920","0","0","7172324","6962"
"FifteenPuzzle","shuffles=52#size=13","47564","285851","0","0","8395184","6962"
"FifteenPuzzle","shuffles=52#size=14","53961","332588","0","0","9717914","6962"
"FifteenPuzzle","shuffles=52#size=5","4976476","21268277","0","0","497400035","2570886"
"FifteenPuzzle","shuffles=52#size=6","884867","3998938","0","0","102807981","387654"
"FifteenPuzzle","shuffles=52#size=7","483343196","2358548103","0","0","63353852571","176943160"
"FifteenPuzzle","shuffles=52#size=8","3011243021","12809506656","0","0","301085058863","1555096803"
"FifteenPuzzle","shuffles=52#size=9","473947","2452649","0","0","71482921","128232"
"FifteenPuzzle","shuffles=53#size=10","229885","1216874","0","0","36449156","53605"
"FifteenPuzzle","shuffles=53#size=11","966535","5339723","0","0","159618118","194569"
"FifteenPuzzle","shuffles=53#size=12","67153","387435","0","0","11521648","11431"
"FifteenPuzzle","shuffles=53#size=13","76666","456326","0","0","13488638","11431"
"FifteenPuzzle","shuffles=53#size=14","86957","531359","0","0","15616454","11431"
"FifteenPuzzle","shuffles=53#size=5","8413745","35818224","0","0","840033570","4351067"
"FifteenPuzzle","shuffles=53#size=6","3008883","13598372","0","0","350678018","1312889"
"FifteenPuzzle","shuffles=53#size=7","353440648","1723316879","0","0","46309009517","129475071"
"FifteenPuzzle","shuffles=53#size=8","17546364","87876550","0","0","2481708760","5544005"
"FifteenPuzzle","shuffles=53#size=9","650402","3364220","0","0","98162725","175655"
"FifteenPuzzle","shuffles=54#size=10","229901","1216945","0","0","36450142","53616"
"FifteenPuzzle","shuffles=54#size=11","966632","5340293","0","0","159635592","194582"
"FifteenPuzzle","shuffles=54#size=12","67170","387542","0","0","11522832","11442"
"FifteenPuzzle","shuffles=54#size=13","76684","456463","0","0","13489987","11442"
"FifteenPuzzle","shuffles=54#size=14","86976","531530","0","0","15617990","11442"
"FifteenPuzzle","shuffles=54#size=5","8413981","35819223","0","0","840056408","4351192"
"FifteenPuzzle","shuffles=54#size=6","3008899","13598436","0","0","350678951","1312900"
"FifteenPuzzle","shuffles=54#size=7","459709329","2241306245","0","0","60226869654","168432410"
"FifteenPuzzle","shuffles=54#size=8","17548024","87885205","0","0","2481967500","5544414"
"FifteenPuzzle","shuffles=54#size=9","650418","3364293","0","0","98163722","175666"
"FifteenPuzzle","shuffles=55#size=10","248978","1317659","0","0","39481709","58031"
"FifteenPuzzle","shuffles=55#size=11","1854508","10200884","0","0","306223814","373509"
"FifteenPuzzle","shuffles=55#size=12","122138","698990","0","0","20878845","21161"
"FifteenPuzzle","shuffles=55#size=13","139393","823971","0","0","24446805","21160"
"FifteenPuzzle","shuffles=55#size=14","158061","960154","0","0","28306819","21160"
"FifteenPuzzle","shuffles=55#size=5","12296198","52250362","0","0","1226344615","6365193"
"FifteenPuzzle","shuffles=55#size=6","4060543","18340063","0","0","472865663","1773609"
"FifteenPuzzle","shuffles=55#size=7","944392564","4602668934","0","0","123702142908","346128379"
"FifteenPuzzle","shuffles=55#size=8","24166140","121012939","0","0","3416700113","7641856"
"FifteenPuzzle","shuffles=55#size=9","1411603","7296446","0","0","213162724","380678"
"FifteenPuzzle","shuffles=56#size=10","248993","1317730","0","0","39482695","58042"
"FifteenPuzzle","shuffles=56#size=11","3779141","20685198","0","0","623873715","761883"
"FifteenPuzzle","shuffles=56#size=12","122251","699680","0","0","20899601","21174"
"FifteenPuzzle","shuffles=56#size=13","139524","824791","0","0","24471126","21174"
"FifteenPuzzle","shuffles=56#size=14","158210","961116","0","0","28334999","21173"
"FifteenPuzzle","shuffles=56#size=5","20741231","88075260","0","0","2067794608","10740697"
"FifteenPuzzle","shuffles=56#size=6","4740043","21405752","0","0","551861901","2071058"
"FifteenPuzzle","shuffles=56#size=7","1242470841","6054515035","0","0","162690664007","455645364"
"FifteenPuzzle","shuffles=56#size=8","24167323","121018941","0","0","3416871704","7642209"
"FifteenPuzzle","shuffles=56#size=9","1411675","7296849","0","0","213174705","380692"
"FifteenPuzzle","shuffles=57#size=10","289076","1529364","0","0","45855235","67305"
"FifteenPuzzle","shuffles=57#size=11","1628305","8938188","0","0","268788030","328358"
"FifteenPuzzle","shuffles=57#size=12","258420","1472263","0","0","44200683","44651"
"FifteenPuzzle","shuffles=57#size=13","294968","1735464","0","0","51757903","44650"
"FifteenPuzzle","shuffles=57#size=14","334508","2022235","0","0","59933525","44650"
"FifteenPuzzle","shuffles=57#size=5","187606610","797016225","0","0","18702680304","97154306"
"FifteenPuzzle","shuffles=57#size=6","4827530","21798695","0","0","562004237","2109493"
"FifteenPuzzle","shuffles=57#size=7","1345846857","6557422885","0","0","176216180883","493607539"
"FifteenPuzzle","shuffles=57#size=8","51369406","257040238","0","0","7246201826","16324394"
"FifteenPuzzle","shuffles=57#size=9","3398424","17564151","0","0","513399534","915455"
"FifteenPuzzle","shuffles=58#size=10","289092","1529435","0","0","45856221","67316"
"FifteenPuzzle","shuffles=58#size=11","2249197","12310797","0","0","371150948","454189"
"FifteenPuzzle","shuffles=58#size=12","258437","1472370","0","0","44201867","44662"
"FifteenPuzzle","shuffles=58#size=13","294986","1735601","0","0","51759252","44661"
"FifteenPuzzle","shuffles=58#size=14","334527","2022406","0","0","59935061","44661"
"FifteenPuzzle","shuffles=58#size=5","187617590","797062670","0","0","18703777268","97159981"
"FifteenPuzzle","shuffles=58#size=6","5011177","22625348","0","0","583319066","2190054"
"FifteenPuzzle","shuffles=58#size=7","1479440872","7207301555","0","0","193695646890","542665116"
"FifteenPuzzle","shuffles=58#size=8","57807203","289037722","0","0","8134950895","18463909"
"FifteenPuzzle","shuffles=58#size=9","3398495","17564555","0","0","513411535","915468"
"FifteenPuzzle","shuffles=59#size=10","289638","1532339","0","0","45943417","67441"
"FifteenPuzzle","shuffles=59#size=11","4270220","23325515","0","0","705005378","860582"
"FifteenPuzzle","shuffles=59#size=12","321541","1829901","0","0","54954813","55761"
"FifteenPuzzle","shuffles=59#size=13","366987","2157402","0","0","64351958","55760"
"FifteenPuzzle","shuffles=59#size=14","416156","2514265","0","0","74518263","55761"
"FifteenPuzzle","shuffles=59#size=5","211947283","900271113","0","0","21126628375","109771970"
"FifteenPuzzle","shuffles=59#size=6","11263492","50887604","0","0","1310114249","4927349"
"FifteenPuzzle","shuffles=59#size=7","1547651769","7538842180","0","0","202624281288","567694205"
"FifteenPuzzle","shuffles=59#size=8","57824945","289126162","0","0","8137426058","18469680"
"FifteenPuzzle","shuffles=59#size=9","3776794","19519089","0","0","570609584","1017139"
"FifteenPuzzle","shuffles=6#size=14","1395","12369","0","0","259322","141"
"FifteenPuzzle","shuffles=60#size=10","289971","1534093","0","0","45995063","67524"
"FifteenPuzzle","shuffles=60#size=11","5311436","28980109","0","0","876610083","1071862"
"FifteenPuzzle","shuffles=60#size=12","356380","2027314","0","0","60885883","61916"
"FifteenPuzzle","shuffles=60#size=13","406736","2390345","0","0","71297818","61916"
"FifteenPuzzle","shuffles=60#size=14","461213","2785942","0","0","82562085","61916"
"FifteenPuzzle","shuffles=60#size=5","561014681","2383072902","0","0","55897734900","290674879"
"FifteenPuzzle","shuffles=60#size=6","11182937","50717917","0","0","1301628582","4887834"
"FifteenPuzzle","shuffles=60#size=8","1648107865","8035990978","0","0","216411749627","601469577"
"FifteenPuzzle","shuffles=60#size=9","10558056","54568936","0","0","1594367837","2847170"
"FifteenPuzzle","shuffles=61#size=10","297928","1576127","0","0","47260922","69359"
"FifteenPuzzle","shuffles=61#size=11","18714043","102119557","0","0","3090916283","3765357"
"FifteenPuzzle","shuffles=61#size=12","1239830","7039424","0","0","211629275","216321"
"FifteenPuzzle","shuffles=61#size=13","1414899","8301251","0","0","247828063","216321"
"FifteenPuzzle","shuffles=61#size=14","1604302","9676372","0","0","286990665","216321"
"FifteenPuzzle","shuffles=61#size=8","34026664","170058491","0","0","4780214982","10907975"
"FifteenPuzzle","shuffles=61#size=9","10557955","54568384","0","0","1594350690","2847151"
"FifteenPuzzle","shuffles=62#size=10","298885","1581186","0","0","47413087","69580"
"FifteenPuzzle","shuffles=62#size=11","27145561","148170508","0","0","4484644413","5456348"
"FifteenPuzzle","shuffles=62#size=12","1316778","7475352","0","0","224756104","229784"
"FifteenPuzzle","shuffles=62#size=13","1502709","8815429","0","0","263200717","229784"
"FifteenPuzzle","shuffles=62#size=14","1703863","10275836","0","0","304793078","229784"
"FifteenPuzzle","shuffles=62#size=8","60377754","301723249","0","0","8480737194","19362124"
"FifteenPuzzle","shuffles=62#size=9","3538282","18285693","0","0","534438428","953562"
"FifteenPuzzle","shuffles=63#size=10","299479","1584326","0","0","47507439","69717"
"FifteenPuzzle","shuffles=63#size=11","30699391","167499625","0","0","5071403737","6172417"
"FifteenPuzzle","shuffles=63#size=12","1365604","7751964","0","0","233082801","238339"
"FifteenPuzzle","shuffles=63#size=13","1558425","9141711","0","0","272951999","238339"
"FifteenPuzzle","shuffles=63#size=14","1767033","10656256","0","0","316085631","238339"
"FifteenPuzzle","shuffles=63#size=8","75658697","378084122","0","0","10627837071","24258987"
"FifteenPuzzle","shuffles=63#size=9","6875341","35533838","0","0","1038823096","1851251"
"FifteenPuzzle","shuffles=64#size=10","308393","1631410","0","0","48925260","71774"
"FifteenPuzzle","shuffles=64#size=11","30703793","167523670","0","0","5072139197","6173262"
"FifteenPuzzle","shuffles=64#size=12","1365621","7752071","0","0","233083985","238350"
"FifteenPuzzle","shuffles=64#size=13","1558442","9141848","0","0","272953348","238350"
"FifteenPuzzle","shuffles=64#size=14","1767051","10656427","0","0","316087167","238350"
"FifteenPuzzle","shuffles=64#size=8","75675943","378170280","0","0","10630251983","24264554"
"FifteenPuzzle","shuffles=64#size=9","6875383","35534071","0","0","1038829529","1851262"
"FifteenPuzzle","shuffles=65#size=10","309515","1637300","0","0","49100471","72049"
"FifteenPuzzle","shuffles=65#size=11","44419719","242105947","0","0","7334196253","8949137"
"FifteenPuzzle","shuffles=65#size=12","1788386","10147175","0","0","305123900","312707"
"FifteenPuzzle","shuffles=65#size=13","2040818","11967442","0","0","357318858","312707"
"FifteenPuzzle","shuffles=65#size=14","2313922","13951275","0","0","413788106","312707"
"FifteenPuzzle","shuffles=65#size=8","130933730","654484547","0","0","18408989585","41901811"
"FifteenPuzzle","shuffles=65#size=9","8311387","42947732","0","0","1255439058","2239671"
"FifteenPuzzle","shuffles=66#size=10","310084","1640279","0","0","49188538","72192"
"FifteenPuzzle","shuffles=66#size=11","60068476","327141150","0","0","9913061314","12125656"
"FifteenPuzzle","shuffles=66#size=12","2338460","13263421","0","0","398945129","409030"
"FifteenPuzzle","shuffles=66#size=13","2668524","15643188","0","0","467191962","409030"
"FifteenPuzzle","shuffles=66#size=14","3025618","18236841","0","0","541027815","409030"
"FifteenPuzzle","shuffles=66#size=8","231157248","1155739767","0","0","32525135145","73855014"
"FifteenPuzzle","shuffles=66#size=9","8864966","45805438","0","0","1338930086","2389460"
"FifteenPuzzle","shuffles=67#size=10","310099","1640348","0","0","49189484","72203"
"FifteenPuzzle","shuffles=67#size=11","78341283","426374739","0","0","12921100258","15850599"
"FifteenPuzzle","shuffles=67#size=12","1017033","5771013","0","0","173571433","177585"
"FifteenPuzzle","shuffles=67#size=13","1160628","6806128","0","0","203262205","177585"
"FifteenPuzzle","shuffles=67#size=14","1315981","7934249","0","0","235384319","177585"
"FifteenPuzzle","shuffles=67#size=8","471076344","2356521789","0","0","66394301412","149971699"
"FifteenPuzzle","shuffles=67#size=9","10260354","53011755","0","0","1549183683","2767993"
"FifteenPuzzle","shuffles=68#size=10","379457","2006312","0","0","60198444","88318"
"FifteenPuzzle","shuffles=68#size=11","35412081","192559424","0","0","5834169894","7196120"
"FifteenPuzzle","shuffles=68#size=12","1036228","5879787","0","0","176840715","180968"
"FifteenPuzzle","shuffles=68#size=13","1182527","6934472","0","0","207090847","180968"
"FifteenPuzzle","shuffles=68#size=14","1340807","8083927","0","0","239818161","180968"
"FifteenPuzzle","shuffles=68#size=8","471005470","2356166181","0","0","66384250714","149949434"
"FifteenPuzzle","shuffles=68#size=9","5511578","28475393","0","0","830565584","1494690"
"FifteenPuzzle","shuffles=69#size=10","455704","2408616","0","0","72300426","106035"
"FifteenPuzzle","shuffles=69#size=11","19050037","103611513","0","0","3136480502","3880987"
"FifteenPuzzle","shuffles=69#size=12","1345277","7630587","0","0","229577088","234967"
"FifteenPuzzle","shuffles=69#size=13","1535213","8999452","0","0","268849785","234967"
"FifteenPuzzle","shuffles=69#size=14","1740702","10491327","0","0","311338550","234967"
"FifteenPuzzle","shuffles=69#size=8","404287987","2023657726","0","0","57091112913","128176617"
"FifteenPuzzle","shuffles=69#size=9","33385754","172520405","0","0","5039750171","9011867"
"FifteenPuzzle","shuffles=7#size=14","1633","13963","0","0","302343","171"
"FifteenPuzzle","shuffles=70#size=10","980779172","4908810370","0","0","138453326638","311173418"
"FifteenPuzzle","shuffles=70#size=11","8348844","45479962","0","0","1373919238","1704119"
"FifteenPuzzle","shuffles=70#size=12","1841272","10440483","0","0","314140686","321984"
"FifteenPuzzle","shuffles=70#size=13","2101180","12314068","0","0","367881468","321984"
"FifteenPuzzle","shuffles=70#size=14","2382373","14356079","0","0","426023476","321984"
"FifteenPuzzle","shuffles=70#size=8","577780704","2891697131","0","0","81558159851","183338660"
"FifteenPuzzle","shuffles=70#size=9","48266936","249422696","0","0","7284823799","13035136"
"FifteenPuzzle","shuffles=71#size=10","488105","2579563","0","0","77440961","113575"
"FifteenPuzzle","shuffles=71#size=11","16066777","87386750","0","0","2644014559","3279454"
"FifteenPuzzle","shuffles=71#size=12","2472024","14015632","0","0","421888455","431633"
"FifteenPuzzle","shuffles=71#size=13","2821079","16529747","0","0","494061927","431633"
"FifteenPuzzle","shuffles=71#size=14","3198717","19269764","0","0","572145525","431633"
"FifteenPuzzle","shuffles=72#size=10","496424","2623437","0","0","78759368","115518"
"FifteenPuzzle","shuffles=72#size=11","20775057","112941548","0","0","3418509498","4242022"
"FifteenPuzzle","shuffles=72#size=12","18559435","105265693","0","0","3169686940","3229788"
"FifteenPuzzle","shuffles=72#size=13","21192073","124183666","0","0","3713828721","3230778"
"FifteenPuzzle","shuffles=72#size=14","24030553","144743959","0","0","4300736802","3230778"
"FifteenPuzzle","shuffles=73#size=10","496804","2625427","0","0","78818170","115613"
"FifteenPuzzle","shuffles=73#size=11","20775112","112941868","0","0","3418518704","4242033"
"FifteenPuzzle","shuffles=73#size=12","18559499","105266086","0","0","3169697844","3229799"
"FifteenPuzzle","shuffles=73#size=13","21192146","124184139","0","0","3713841490","3230789"
"FifteenPuzzle","shuffles=73#size=14","24030636","144744520","0","0","4300751594","3230789"
"FifteenPuzzle","shuffles=74#size=10","497183","2627417","0","0","78876972","115708"
"FifteenPuzzle","shuffles=74#size=11","29378039","159607383","0","0","4832163739","6008108"
"FifteenPuzzle","shuffles=74#size=12","24008510","136145893","0","0","4099393695","4182496"
"FifteenPuzzle","shuffles=74#size=13","27410399","160604972","0","0","4802592159","4183486"
"FifteenPuzzle","shuffles=74#size=14","31081126","187204407","0","0","5561582569","4183486"
"FifteenPuzzle","shuffles=75#size=10","497562","2629407","0","0","78935774","115803"
"FifteenPuzzle","shuffles=75#size=11","29378094","159607703","0","0","4832172945","6008119"
"FifteenPuzzle","shuffles=75#size=12","27395716","155345073","0","0","4677708673","4772781"
"FifteenPuzzle","shuffles=75#size=13","31276091","183246088","0","0","5479842985","4773771"
"FifteenPuzzle","shuffles=75#size=14","35464479","213596507","0","0","6345869423","4773771"
"FifteenPuzzle","shuffles=8#size=14","1870","15555","0","0","345353","200"
"FifteenPuzzle","shuffles=80#size=10","577989","3053978","0","0","91714314","134428"
"CaptureTheFlag","flagPlacementType=A#gridSize=10#numBlueAgents=5#numRedAgents=5","192788","325307","0","0","2946926","52018"
"CaptureTheFlag","flagPlacementType=A#gridSize=11#numBlueAgents=6#numRedAgents=6","281805","475686","0","0","4310142","75916"
"CaptureTheFlag","flagPlacementType=A#gridSize=12#numBlueAgents=7#numRedAgents=7","544229","925318","0","0","8324526","146579"
"CaptureTheFlag","flagPlacementType=A#gridSize=13#numBlueAgents=8#numRedAgents=8","753197","1283769","0","0","11524056","202710"
"CaptureTheFlag","flagPlacementType=A#gridSize=14#numBlueAgents=9#numRedAgents=9","1039984","1777874","0","0","15922996","279367"
"CaptureTheFlag","flagPlacementType=A#gridSize=15#numBlueAgents=10#numRedAgents=10","1581367","2714183","0","0","24216164","424597"
"CaptureTheFlag","flagPlacementType=A#gridSize=16#numBlueAgents=11#numRedAgents=11","2248761","3864995","0","0","34431410","604024"
"CaptureTheFlag","flagPlacementType=A#gridSize=17#numBlueAgents=12#numRedAgents=12","2590295","4462765","0","0","39680799","694803"
"CaptureTheFlag","flagPlacementType=A#gridSize=18#numBlueAgents=13#numRedAgents=13","3624725","6242687","0","0","55486598","974214"
"CaptureTheFlag","flagPlacementType=A#gridSize=19#numBlueAgents=14#numRedAgents=14","4611611","7935524","0","0","70559078","1241110"
"CaptureTheFlag","flagPlacementType=A#gridSize=20#numBlueAgents=15#numRedAgents=15","5953287","10273648","0","0","91111521","1601027"
"CaptureTheFlag","flagPlacementType=A#gridSize=21#numBlueAgents=16#numRedAgents=16","7660780","13235668","0","0","117269766","2058980"
"CaptureTheFlag","flagPlacementType=A#gridSize=22#numBlueAgents=17#numRedAgents=17","9920327","17157586","0","0","151834491","2667422"
"CaptureTheFlag","flagPlacementType=A#gridSize=23#numBlueAgents=18#numRedAgents=18","11892341","20586162","0","0","182032372","3196929"
"CaptureTheFlag","flagPlacementType=A#gridSize=24#numBlueAgents=19#numRedAgents=19","12176027","21071080","0","0","186338844","3274902"
"CaptureTheFlag","flagPlacementType=A#gridSize=25#numBlueAgents=20#numRedAgents=20","15910362","27555576","0","0","243403134","4283361"
"CaptureTheFlag","flagPlacementType=A#gridSize=26#numBlueAgents=21#numRedAgents=21","18536588","32150712","0","0","283702104","4984566"
"CaptureTheFlag","flagPlacementType=A#gridSize=27#numBlueAgents=22#numRedAgents=22","22387152","38787596","0","0","342455088","6028589"
"CaptureTheFlag","flagPlacementType=A#gridSize=28#numBlueAgents=23#numRedAgents=23","22004726","38121131","0","0","336620965","5924850"
"CaptureTheFlag","flagPlacementType=A#gridSize=29#numBlueAgents=24#numRedAgents=24","26161597","45408497","0","0","400301277","7039809"
"CaptureTheFlag","flagPlacementType=A#gridSize=30#numBlueAgents=25#numRedAgents=25","36520704","63439317","0","0","558647667","9834948"
"CaptureTheFlag","flagPlacementType=A#gridSize=31#numBlueAgents=26#numRedAgents=26","38579187","66999172","0","0","590233646","10384616"
"CaptureTheFlag","flagPlacementType=A#gridSize=32#numBlueAgents=27#numRedAgents=27","40965472","71173018","0","0","626770814","11025576"
"CaptureTheFlag","flagPlacementType=A#gridSize=33#numBlueAgents=28#numRedAgents=28","44793842","77784915","0","0","685206627","12062555"
"CaptureTheFlag","flagPlacementType=A#gridSize=34#numBlueAgents=29#numRedAgents=29","58142102","101064778","0","0","889265647","15663224"
"CaptureTheFlag","flagPlacementType=A#gridSize=35#numBlueAgents=30#numRedAgents=30","57179269","99345597","0","0","874400574","15410473"
"CaptureTheFlag","flagPlacementType=A#gridSize=36#numBlueAgents=31#numRedAgents=31","72214129","125598878","0","0","1104516563","19453039"
"CaptureTheFlag","flagPlacementType=A#gridSize=37#numBlueAgents=32#numRedAgents=32","69871116","121428914","0","0","1068510336","18829989"
"CaptureTheFlag","flagPlacementType=A#gridSize=38#numBlueAgents=33#numRedAgents=33","74308027","129233554","0","0","1136560922","20016226"
"CaptureTheFlag","flagPlacementType=A#gridSize=39#numBlueAgents=34#numRedAgents=34","77525406","134939368","0","0","1185845739","20879344"
"CaptureTheFlag","flagPlacementType=B#gridSize=10#numBlueAgents=5#numRedAgents=5","117085","197325","0","0","1794031","31387"
"CaptureTheFlag","flagPlacementType=B#gridSize=11#numBlueAgents=6#numRedAgents=6","160259","269607","0","0","2453579","43055"
"CaptureTheFlag","flagPlacementType=B#gridSize=12#numBlueAgents=7#numRedAgents=7","111514","186782","0","0","1708883","29883"
"CaptureTheFlag","flagPlacementType=B#gridSize=13#numBlueAgents=8#numRedAgents=8","287355","486070","0","0","4401896","77083"
"CaptureTheFlag","flagPlacementType=B#gridSize=14#numBlueAgents=9#numRedAgents=9","359430","607536","0","0","5504640","96482"
"CaptureTheFlag","flagPlacementType=B#gridSize=15#numBlueAgents=10#numRedAgents=10","691776","1179274","0","0","10605345","185175"
"CaptureTheFlag","flagPlacementType=B#gridSize=16#numBlueAgents=11#numRedAgents=11","834806","1421109","0","0","12788051","223940"
"CaptureTheFlag","flagPlacementType=B#gridSize=17#numBlueAgents=12#numRedAgents=12","1182444","2026332","0","0","18109568","317377"
"CaptureTheFlag","flagPlacementType=B#gridSize=18#numBlueAgents=13#numRedAgents=13","1353947","2315472","0","0","20739308","363262"
"CaptureTheFlag","flagPlacementType=B#gridSize=19#numBlueAgents=14#numRedAgents=14","1155650","1966948","0","0","17691484","310554"
"CaptureTheFlag","flagPlacementType=B#gridSize=20#numBlueAgents=15#numRedAgents=15","1121366","1910943","0","0","17172087","301081"
"CaptureTheFlag","flagPlacementType=B#gridSize=21#numBlueAgents=16#numRedAgents=16","2363418","4059743","0","0","36202273","634090"
"CaptureTheFlag","flagPlacementType=B#gridSize=22#numBlueAgents=17#numRedAgents=17","2722913","4661973","0","0","41682900","731784"
"CaptureTheFlag","flagPlacementType=B#gridSize=23#numBlueAgents=18#numRedAgents=18","3541199","6065987","0","0","54211139","951615"
"CaptureTheFlag","flagPlacementType=B#gridSize=24#numBlueAgents=19#numRedAgents=19","4962707","8521986","0","0","76003818","1332119"
"CaptureTheFlag","flagPlacementType=B#gridSize=25#numBlueAgents=20#numRedAgents=20","5384936","9252770","0","0","82449170","1446464"
"CaptureTheFlag","flagPlacementType=B#gridSize=26#numBlueAgents=21#numRedAgents=21","6639812","11428182","0","0","101655571","1783879"
"CaptureTheFlag","flagPlacementType=B#gridSize=27#numBlueAgents=22#numRedAgents=22","6850690","11778903","0","0","104869589","1841228"
"CaptureTheFlag","flagPlacementType=B#gridSize=28#numBlueAgents=23#numRedAgents=23","7031976","12105077","0","0","107674865","1888510"
"CaptureTheFlag","flagPlacementType=B#gridSize=29#numBlueAgents=24#numRedAgents=24","7010883","12035629","0","0","107258388","1887312"
"CaptureTheFlag","flagPlacementType=B#gridSize=30#numBlueAgents=25#numRedAgents=25","7866086","13520744","0","0","120369414","2116221"
"CaptureTheFlag","flagPlacementType=B#gridSize=31#numBlueAgents=26#numRedAgents=26","8367807","14409123","0","0","128079893","2249624"
"CaptureTheFlag","flagPlacementType=B#gridSize=32#numBlueAgents=27#numRedAgents=27","9037261","15554704","0","0","138304497","2430664"
"CaptureTheFlag","flagPlacementType=B#gridSize=33#numBlueAgents=28#numRedAgents=28","16267669","28077422","0","0","248919564","4377157"
"CaptureTheFlag","flagPlacementType=B#gridSize=34#numBlueAgents=29#numRedAgents=29","16303406","28124595","0","0","249554674","4382556"
"CaptureTheFlag","flagPlacementType=B#gridSize=35#numBlueAgents=30#numRedAgents=30","16276964","28084851","0","0","249034552","4380959"
"CaptureTheFlag","flagPlacementType=B#gridSize=36#numBlueAgents=31#numRedAgents=31","17249179","29770864","0","0","263989667","4638791"
"CaptureTheFlag","flagPlacementType=B#gridSize=37#numBlueAgents=32#numRedAgents=32","18775938","32366262","0","0","287265817","5053683"
"CaptureTheFlag","flagPlacementType=B#gridSize=38#numBlueAgents=33#numRedAgents=33","24005218","41503759","0","0","367322670","6458768"
"CaptureTheFlag","flagPlacementType=B#gridSize=39#numBlueAgents=34#numRedAgents=34","23355079","40363673","0","0","357382113","6283475"
"CaptureTheFlag","flagPlacementType=C#gridSize=10#numBlueAgents=5#numRedAgents=5","172503","292479","0","0","2643231","46240"
"CaptureTheFlag","flagPlacementType=C#gridSize=11#numBlueAgents=6#numRedAgents=6","240246","407281","0","0","3680791","64420"
"CaptureTheFlag","flagPlacementType=C#gridSize=12#numBlueAgents=7#numRedAgents=7","370237","631079","0","0","5675000","99151"
"CaptureTheFlag","flagPlacementType=C#gridSize=13#numBlueAgents=8#numRedAgents=8","284650","483460","0","0","4361258","76319"
"CaptureTheFlag","flagPlacementType=C#gridSize=14#numBlueAgents=9#numRedAgents=9","846208","1441142","0","0","12963795","226947"
"CaptureTheFlag","flagPlacementType=C#gridSize=15#numBlueAgents=10#numRedAgents=10","1084836","1856116","0","0","16612606","291277"
"CaptureTheFlag","flagPlacementType=C#gridSize=16#numBlueAgents=11#numRedAgents=11","1653447","2834975","0","0","25337810","443098"
"CaptureTheFlag","flagPlacementType=C#gridSize=17#numBlueAgents=12#numRedAgents=12","1453686","2479275","0","0","22267823","389986"
"CaptureTheFlag","flagPlacementType=C#gridSize=18#numBlueAgents=13#numRedAgents=13","2328569","3989409","0","0","35662137","625043"
"CaptureTheFlag","flagPlacementType=C#gridSize=19#numBlueAgents=14#numRedAgents=14","1327763","2261851","0","0","20317365","357233"
"CaptureTheFlag","flagPlacementType=C#gridSize=20#numBlueAgents=15#numRedAgents=15","3491754","5981448","0","0","53425500","939698"
"CaptureTheFlag","flagPlacementType=C#gridSize=21#numBlueAgents=16#numRedAgents=16","4698903","8069331","0","0","71936764","1262592"
"CaptureTheFlag","flagPlacementType=C#gridSize=22#numBlueAgents=17#numRedAgents=17","4437015","7607782","0","0","67912424","1192941"
"CaptureTheFlag","flagPlacementType=C#gridSize=23#numBlueAgents=18#numRedAgents=18","7505906","12919904","0","0","114937036","2015537"
"CaptureTheFlag","flagPlacementType=C#gridSize=24#numBlueAgents=19#numRedAgents=19","9616136","16615140","0","0","147247422","2582349"
"CaptureTheFlag","flagPlacementType=C#gridSize=25#numBlueAgents=20#numRedAgents=20","9057842","15598687","0","0","138627950","2435794"
"CaptureTheFlag","flagPlacementType=C#gridSize=26#numBlueAgents=21#numRedAgents=21","7819699","13434826","0","0","119703111","2101662"
"CaptureTheFlag","flagPlacementType=C#gridSize=27#numBlueAgents=22#numRedAgents=22","12775984","22011046","0","0","195563064","3434231"
"CaptureTheFlag","flagPlacementType=C#gridSize=28#numBlueAgents=23#numRedAgents=23","17499024","30294243","0","0","267895714","4702050"
"CaptureTheFlag","flagPlacementType=C#gridSize=29#numBlueAgents=24#numRedAgents=24","16979254","29362066","0","0","259920127","4563262"
"CaptureTheFlag","flagPlacementType=C#gridSize=30#numBlueAgents=25#numRedAgents=25","18627991","32151962","0","0","285024362","5012807"
"CaptureTheFlag","flagPlacementType=C#gridSize=31#numBlueAgents=26#numRedAgents=26","24948738","43153256","0","0","381838875","6708871"
"CaptureTheFlag","flagPlacementType=C#gridSize=32#numBlueAgents=27#numRedAgents=27","20427916","35298396","0","0","312578868","5496495"
"CaptureTheFlag","flagPlacementType=C#gridSize=33#numBlueAgents=28#numRedAgents=28","41625854","72233523","0","0","637109725","11192084"
"CaptureTheFlag","flagPlacementType=C#gridSize=34#numBlueAgents=29#numRedAgents=29","31876235","55204329","0","0","487763248","8576520"
"CaptureTheFlag","flagPlacementType=C#gridSize=35#numBlueAgents=30#numRedAgents=30","36573017","63327575","0","0","559509079","9846112"
"CaptureTheFlag","flagPlacementType=C#gridSize=36#numBlueAgents=31#numRedAgents=31","44095111","76575506","0","0","674632029","11868957"
"CaptureTheFlag","flagPlacementType=C#gridSize=37#numBlueAgents=32#numRedAgents=32","43201216","74939956","0","0","660869542","11632475"
"CaptureTheFlag","flagPlacementType=C#gridSize=38#numBlueAgents=33#numRedAgents=33","44032774","76392258","0","0","673675829","11852296"
"CaptureTheFlag","flagPlacementType=C#gridSize=39#numBlueAgents=34#numRedAgents=34","50999638","88467932","0","0","780198487","13730733"
"GameOfLife","iterations=1000#mapFilename=glider-10-10.json","893923","3470184","0","0","54701870","101011"
"GameOfLife","iterations=10000#mapFilename=glider-10-10.json","8938624","34700184","0","0","546983870","1010011"
"GameOfLife","iterations=11000#mapFilename=glider-10-10.json","9832479","38170184","0","0","601681870","1111011"
"GameOfLife","iterations=12000#mapFilename=glider-10-10.json","10726335","41640184","0","0","656379870","1212011"
"GameOfLife","iterations=13000#mapFilename=glider-10-10.json","11620190","45110184","0","0","711077870","1313011"
"GameOfLife","iterations=14000#mapFilename=glider-10-10.json","12514046","48580184","0","0","765775870","1414011"
"GameOfLife","iterations=15000#mapFilename=glider-10-10.json","13407902","52050184","0","0","820473870","1515011"
"GameOfLife","iterations=16000#mapFilename=glider-10-10.json","14301757","55520184","0","0","875171870","1616011"
"GameOfLife","iterations=17000#mapFilename=glider-10-10.json","15195613","58990184","0","0","929869870","1717011"
"GameOfLife","iterations=18000#mapFilename=glider-10-10.json","16089469","62460184","0","0","984567870","1818011"
"GameOfLife","iterations=19000#mapFilename=glider-10-10.json","16983324","65930184","0","0","1039265870","1919011"
"GameOfLife","iterations=2000#mapFilename=glider-10-10.json","1787778","6940184","0","0","109399870","202011"
"GameOfLife","iterations=3000#mapFilename=glider-10-10.json","2681634","10410184","0","0","164097870","303011"
"GameOfLife","iterations=4000#mapFilename=glider-10-10.json","3575490","13880184","0","0","218795870","404011"
"GameOfLife","iterations=5000#mapFilename=glider-10-10.json","4469345","17350184","0","0","273493870","505011"
"GameOfLife","iterations=6000#mapFilename=glider-10-10.json","5363201","20820184","0","0","328191870","606011"
"GameOfLife","iterations=7000#mapFilename=glider-10-10.json","6257057","24290184","0","0","382889870","707011"
"GameOfLife","iterations=8000#mapFilename=glider-10-10.json","7150912","27760184","0","0","437587870","808011"
"GameOfLife","iterations=9000#mapFilename=glider-10-10.json","8044768","31230184","0","0","492285870","909011"